grafo_id,n,p,seed,r_qiea,r_hybrid,r_cobyla,r_cobyla_restart,qiea_evals,refine_evals
0,8,1,0,0.814406,0.815061,0.815061,0.815061,2000,30
0,8,1,1,0.813791,0.815061,0.815061,0.815061,2000,40
0,8,1,2,0.815042,0.815061,0.815061,0.815061,2000,32
0,8,1,3,0.813791,0.815061,0.815061,0.815061,2000,40
0,8,1,4,0.814406,0.815061,0.815061,0.815061,2000,30
0,8,1,5,0.815042,0.815061,0.815061,0.815061,2000,27
0,8,1,6,0.815042,0.815061,0.815061,0.815061,2000,32
0,8,1,7,0.815028,0.815061,0.815061,0.815061,2000,43
0,8,1,8,0.815042,0.815061,0.815061,0.815061,2000,32
0,8,1,9,0.814817,0.815061,0.815061,0.815061,2000,34
0,8,1,10,0.814817,0.815061,0.815061,0.815061,2000,34
0,8,1,11,0.814817,0.815061,0.815061,0.815061,2000,33
0,8,1,12,0.814406,0.815061,0.6,0.815061,2000,38
0,8,1,13,0.815028,0.815061,0.815061,0.815061,2000,32
0,8,1,14,0.815042,0.815061,0.815061,0.815061,2000,27
0,8,1,15,0.815042,0.815061,0.815061,0.815061,2000,32
0,8,1,16,0.815028,0.815061,0.815061,0.815061,2000,32
0,8,1,17,0.815042,0.815061,0.815061,0.815061,2000,32
0,8,1,18,0.815042,0.815061,0.815061,0.815061,2000,27
0,8,1,19,0.814358,0.815061,0.815061,0.815061,2000,36
0,8,2,0,0.881123,0.891152,0.871068,0.898726,4000,200
0,8,2,1,0.875498,0.891148,0.891156,0.898726,4000,200
0,8,2,2,0.887885,0.891156,0.898726,0.898726,4000,200
0,8,2,3,0.898402,0.898726,0.898726,0.898726,4000,51
0,8,2,4,0.890923,0.891156,0.898726,0.898726,4000,163
0,8,2,5,0.879138,0.891155,0.871068,0.898726,4000,200
0,8,2,6,0.898611,0.898726,0.871068,0.898726,4000,60
0,8,2,7,0.890765,0.891156,0.891156,0.898726,4000,171
0,8,2,8,0.861959,0.871068,0.891156,0.898726,4000,200
0,8,2,9,0.866621,0.871067,0.871068,0.898726,4000,200
0,8,2,10,0.898057,0.898726,0.898726,0.898726,4000,63
0,8,2,11,0.875438,0.891156,0.898726,0.898726,4000,178
0,8,2,12,0.869979,0.891154,0.891156,0.898726,4000,200
0,8,2,13,0.889494,0.891156,0.898726,0.898726,4000,200
0,8,2,14,0.894702,0.898726,0.891156,0.898726,4000,67
0,8,2,15,0.882468,0.891155,0.891156,0.898726,4000,200
0,8,2,16,0.872875,0.891156,0.891156,0.898726,4000,200
0,8,2,17,0.872619,0.891153,0.871068,0.898726,4000,200
0,8,2,18,0.871006,0.891152,0.871068,0.898726,4000,200
0,8,2,19,0.895626,0.898726,0.891156,0.898726,4000,70
1,8,1,0,0.800552,0.800692,0.800692,0.800692,2000,31
1,8,1,1,0.800685,0.800692,0.800692,0.800692,2000,29
1,8,1,2,0.800552,0.800692,0.800692,0.800692,2000,39
1,8,1,3,0.800632,0.800692,0.800692,0.800692,2000,36
1,8,1,4,0.800552,0.800692,0.800692,0.800692,2000,31
1,8,1,5,0.800395,0.800692,0.800692,0.800692,2000,36
1,8,1,6,0.800395,0.800692,0.800692,0.800692,2000,31
1,8,1,7,0.800632,0.800692,0.800692,0.800692,2000,35
1,8,1,8,0.800395,0.800692,0.800692,0.800692,2000,31
1,8,1,9,0.800685,0.800692,0.800692,0.800692,2000,28
1,8,1,10,0.800685,0.800692,0.800692,0.800692,2000,28
1,8,1,11,0.800685,0.800692,0.800692,0.800692,2000,29
1,8,1,12,0.800552,0.800692,0.6,0.800692,2000,39
1,8,1,13,0.800632,0.800692,0.800692,0.800692,2000,36
1,8,1,14,0.799953,0.800692,0.800692,0.800692,2000,34
1,8,1,15,0.799747,0.800692,0.800692,0.800692,2000,39
1,8,1,16,0.800552,0.800692,0.800692,0.800692,2000,39
1,8,1,17,0.800395,0.800692,0.800692,0.800692,2000,36
1,8,1,18,0.800552,0.800692,0.800692,0.800692,2000,39
1,8,1,19,0.79831,0.800692,0.800692,0.800692,2000,37
1,8,2,0,0.830245,0.862862,0.857056,0.878424,4000,200
1,8,2,1,0.878243,0.878424,0.862994,0.878424,4000,61
1,8,2,2,0.860356,0.862994,0.862994,0.878424,4000,135
1,8,2,3,0.877766,0.878424,0.857056,0.878424,4000,58
1,8,2,4,0.860951,0.862992,0.878424,0.878424,4000,200
1,8,2,5,0.877799,0.878424,0.857056,0.878424,4000,58
1,8,2,6,0.868694,0.878424,0.857056,0.878424,4000,90
1,8,2,7,0.86209,0.862994,0.862994,0.862994,4000,93
1,8,2,8,0.851915,0.857056,0.862994,0.878424,4000,169
1,8,2,9,0.854248,0.857056,0.878424,0.878424,4000,199
1,8,2,10,0.877121,0.878424,0.878424,0.878424,4000,75
1,8,2,11,0.850182,0.862994,0.878424,0.878424,4000,200
1,8,2,12,0.843929,0.862986,0.857056,0.878424,4000,200
1,8,2,13,0.85791,0.862994,0.857056,0.878424,4000,200
1,8,2,14,0.857023,0.857056,0.862994,0.878424,4000,60
1,8,2,15,0.851562,0.857056,0.862994,0.878424,4000,132
1,8,2,16,0.877918,0.878424,0.878424,0.878424,4000,66
1,8,2,17,0.852895,0.857056,0.857056,0.878424,4000,197
1,8,2,18,0.844975,0.862982,0.857056,0.878424,4000,200
1,8,2,19,0.86913,0.878424,0.862994,0.878424,4000,88
2,8,1,0,0.775997,0.77602,0.77602,0.77602,2000,30
2,8,1,1,0.775997,0.77602,0.77602,0.77602,2000,36
2,8,1,2,0.775997,0.77602,0.77602,0.77602,2000,36
2,8,1,3,0.775979,0.77602,0.77602,0.77602,2000,32
2,8,1,4,0.775979,0.77602,0.77602,0.77602,2000,34
2,8,1,5,0.775997,0.77602,0.77602,0.77602,2000,30
2,8,1,6,0.775997,0.77602,0.77602,0.77602,2000,36
2,8,1,7,0.775483,0.77602,0.77602,0.77602,2000,38
2,8,1,8,0.775818,0.77602,0.77602,0.77602,2000,45
2,8,1,9,0.775978,0.77602,0.77602,0.77602,2000,31
2,8,1,10,0.775997,0.77602,0.77602,0.77602,2000,30
2,8,1,11,0.775969,0.77602,0.77602,0.77602,2000,32
2,8,1,12,0.775979,0.77602,0.6,0.77602,2000,34
2,8,1,13,0.775057,0.77602,0.77602,0.77602,2000,41
2,8,1,14,0.775997,0.77602,0.77602,0.77602,2000,36
2,8,1,15,0.775979,0.77602,0.77602,0.77602,2000,32
2,8,1,16,0.775979,0.77602,0.77602,0.77602,2000,32
2,8,1,17,0.775969,0.77602,0.77602,0.77602,2000,38
2,8,1,18,0.775979,0.77602,0.77602,0.77602,2000,32
2,8,1,19,0.775978,0.77602,0.77602,0.77602,2000,34
2,8,2,0,0.841417,0.841896,0.841897,0.841897,4000,200
2,8,2,1,0.84087,0.841897,0.830407,0.841897,4000,200
2,8,2,2,0.829037,0.830407,0.841897,0.841897,4000,86
2,8,2,3,0.825829,0.830407,0.841896,0.841897,4000,200
2,8,2,4,0.829945,0.830407,0.841897,0.841897,4000,123
2,8,2,5,0.830301,0.830407,0.841897,0.841897,4000,134
2,8,2,6,0.841599,0.841897,0.841897,0.841897,4000,152
2,8,2,7,0.826681,0.830407,0.841896,0.841897,4000,133
2,8,2,8,0.841655,0.841897,0.830407,0.841897,4000,117
2,8,2,9,0.836541,0.841551,0.841897,0.841897,4000,200
2,8,2,10,0.840892,0.841896,0.841897,0.841897,4000,200
2,8,2,11,0.816184,0.830407,0.841897,0.841897,4000,200
2,8,2,12,0.841774,0.841897,0.841897,0.841897,4000,168
2,8,2,13,0.829299,0.830407,0.707203,0.841897,4000,165
2,8,2,14,0.836028,0.840803,0.830407,0.841897,4000,200
2,8,2,15,0.816628,0.841882,0.830407,0.841897,4000,200
2,8,2,16,0.841827,0.841897,0.841897,0.841897,4000,77
2,8,2,17,0.840829,0.841897,0.841897,0.841897,4000,200
2,8,2,18,0.83499,0.841533,0.841897,0.841897,4000,200
2,8,2,19,0.823733,0.841895,0.830407,0.841897,4000,200
3,8,1,0,0.830009,0.83094,0.83094,0.83094,2000,40
3,8,1,1,0.830839,0.83094,0.83094,0.83094,2000,28
3,8,1,2,0.830804,0.83094,0.83094,0.83094,2000,32
3,8,1,3,0.829272,0.83094,0.83094,0.83094,2000,32
3,8,1,4,0.830009,0.83094,0.83094,0.83094,2000,40
3,8,1,5,0.830839,0.83094,0.83094,0.83094,2000,32
3,8,1,6,0.8309,0.83094,0.83094,0.83094,2000,30
3,8,1,7,0.830839,0.83094,0.83094,0.83094,2000,32
3,8,1,8,0.829272,0.83094,0.83094,0.83094,2000,37
3,8,1,9,0.829974,0.83094,0.83094,0.83094,2000,39
3,8,1,10,0.830839,0.83094,0.83094,0.83094,2000,28
3,8,1,11,0.829974,0.83094,0.83094,0.83094,2000,34
3,8,1,12,0.830839,0.83094,0.6,0.83094,2000,28
3,8,1,13,0.8309,0.83094,0.83094,0.83094,2000,29
3,8,1,14,0.830936,0.83094,0.83094,0.83094,2000,29
3,8,1,15,0.830936,0.83094,0.83094,0.83094,2000,31
3,8,1,16,0.8309,0.83094,0.83094,0.83094,2000,29
3,8,1,17,0.830936,0.83094,0.83094,0.83094,2000,29
3,8,1,18,0.830804,0.83094,0.83094,0.83094,2000,31
3,8,1,19,0.830839,0.83094,0.83094,0.83094,2000,32
3,8,2,0,0.91834,0.92016,0.892864,0.924805,4000,200
3,8,2,1,0.916471,0.92016,0.92016,0.924805,4000,196
3,8,2,2,0.906894,0.92016,0.92016,0.924805,4000,168
3,8,2,3,0.92476,0.924805,0.924805,0.924805,4000,59
3,8,2,4,0.918022,0.920159,0.924805,0.924805,4000,200
3,8,2,5,0.900717,0.920157,0.892864,0.924805,4000,200
3,8,2,6,0.920407,0.924805,0.892864,0.924805,4000,79
3,8,2,7,0.922918,0.924805,0.924805,0.924805,4000,72
3,8,2,8,0.915051,0.92016,0.92016,0.924805,4000,192
3,8,2,9,0.885194,0.892864,0.892864,0.924805,4000,200
3,8,2,10,0.92476,0.924805,0.924805,0.924805,4000,60
3,8,2,11,0.902441,0.92016,0.924805,0.924805,4000,200
3,8,2,12,0.89934,0.920152,0.924805,0.924805,4000,200
3,8,2,13,0.900479,0.924805,0.892864,0.924805,4000,73
3,8,2,14,0.919658,0.92016,0.92016,0.924805,4000,141
3,8,2,15,0.919411,0.92016,0.924805,0.924805,4000,174
3,8,2,16,0.91172,0.920159,0.92016,0.924805,4000,200
3,8,2,17,0.917703,0.920159,0.920159,0.924805,4000,182
3,8,2,18,0.923481,0.924805,0.92016,0.924805,4000,53
3,8,2,19,0.923769,0.924805,0.92016,0.924805,4000,62
4,8,1,0,0.691674,0.69245,0.69245,0.69245,2000,37
4,8,1,1,0.692366,0.69245,0.69245,0.69245,2000,39
4,8,1,2,0.692337,0.69245,0.69245,0.69245,2000,31
4,8,1,3,0.69106,0.69245,0.69245,0.69245,2000,33
4,8,1,4,0.691674,0.69245,0.69245,0.69245,2000,37
4,8,1,5,0.692366,0.69245,0.69245,0.69245,2000,40
4,8,1,6,0.692417,0.69245,0.69245,0.69245,2000,33
4,8,1,7,0.692366,0.69245,0.69245,0.69245,2000,40
4,8,1,8,0.69106,0.69245,0.69245,0.69245,2000,37
4,8,1,9,0.691645,0.69245,0.69245,0.69245,2000,41
4,8,1,10,0.692366,0.69245,0.69245,0.69245,2000,39
4,8,1,11,0.691645,0.69245,0.69245,0.69245,2000,37
4,8,1,12,0.692366,0.69245,0.5,0.69245,2000,39
4,8,1,13,0.692417,0.69245,0.69245,0.69245,2000,28
4,8,1,14,0.692446,0.69245,0.69245,0.69245,2000,28
4,8,1,15,0.692446,0.69245,0.69245,0.69245,2000,32
4,8,1,16,0.692417,0.69245,0.69245,0.69245,2000,28
4,8,1,17,0.692446,0.69245,0.69245,0.69245,2000,28
4,8,1,18,0.692337,0.69245,0.69245,0.69245,2000,33
4,8,1,19,0.692366,0.69245,0.69245,0.69245,2000,40
4,8,2,0,0.798124,0.802363,0.760775,0.807945,4000,148
4,8,2,1,0.798194,0.802363,0.802363,0.807945,4000,113
4,8,2,2,0.799013,0.802363,0.760775,0.807945,4000,166
4,8,2,3,0.806374,0.807945,0.701406,0.807945,4000,60
4,8,2,4,0.799671,0.802363,0.807945,0.807945,4000,111
4,8,2,5,0.79878,0.802363,0.760775,0.807945,4000,166
4,8,2,6,0.800469,0.802363,0.760775,0.807945,4000,131
4,8,2,7,0.80766,0.807945,0.802363,0.807945,4000,45
4,8,2,8,0.800803,0.802363,0.802363,0.807945,4000,126
4,8,2,9,0.755209,0.76077,0.760775,0.807945,4000,200
4,8,2,10,0.807748,0.807945,0.802363,0.807945,4000,53
4,8,2,11,0.806271,0.807945,0.807945,0.807945,4000,67
4,8,2,12,0.806625,0.807945,0.802363,0.807945,4000,63
4,8,2,13,0.766288,0.807945,0.807945,0.807945,4000,80
4,8,2,14,0.802106,0.802363,0.802363,0.807945,4000,130
4,8,2,15,0.798099,0.802363,0.807945,0.807945,4000,142
4,8,2,16,0.801608,0.802363,0.802363,0.807945,4000,117
4,8,2,17,0.8015,0.807945,0.802363,0.807945,4000,64
4,8,2,18,0.806271,0.807945,0.802363,0.807945,4000,67
4,8,2,19,0.800911,0.807945,0.802363,0.807945,4000,67
5,10,1,0,0.774954,0.775255,0.775255,0.775255,2000,43
5,10,1,1,0.775174,0.775255,0.775255,0.775255,2000,36
5,10,1,2,0.775111,0.775255,0.775255,0.775255,2000,34
5,10,1,3,0.775211,0.775255,0.775255,0.775255,2000,31
5,10,1,4,0.774966,0.775255,0.775255,0.775255,2000,34
5,10,1,5,0.775111,0.775255,0.775255,0.775255,2000,29
5,10,1,6,0.775065,0.775255,0.775255,0.775255,2000,30
5,10,1,7,0.775245,0.775255,0.775255,0.775255,2000,33
5,10,1,8,0.775065,0.775255,0.775255,0.775255,2000,30
5,10,1,9,0.775198,0.775255,0.775255,0.775255,2000,29
5,10,1,10,0.775198,0.775255,0.775255,0.775255,2000,29
5,10,1,11,0.775174,0.775255,0.775255,0.775255,2000,36
5,10,1,12,0.774954,0.775255,0.576923,0.775255,2000,29
5,10,1,13,0.775211,0.775255,0.775255,0.775255,2000,31
5,10,1,14,0.774966,0.775255,0.775255,0.775255,2000,34
5,10,1,15,0.775111,0.775255,0.775255,0.775255,2000,34
5,10,1,16,0.774954,0.775255,0.775255,0.775255,2000,29
5,10,1,17,0.775111,0.775255,0.775255,0.775255,2000,34
5,10,1,18,0.775245,0.775255,0.775255,0.775255,2000,31
5,10,1,19,0.773731,0.775255,0.775255,0.775255,2000,30
5,10,2,0,0.835731,0.846053,0.831036,0.859888,4000,200
5,10,2,1,0.843627,0.846053,0.846053,0.859888,4000,171
5,10,2,2,0.84223,0.846053,0.859888,0.859888,4000,197
5,10,2,3,0.859183,0.859888,0.831036,0.859888,4000,58
5,10,2,4,0.846032,0.846053,0.859888,0.859888,4000,45
5,10,2,5,0.837809,0.846053,0.831036,0.859888,4000,200
5,10,2,6,0.859818,0.859888,0.831036,0.859888,4000,61
5,10,2,7,0.845681,0.846053,0.846053,0.859888,4000,158
5,10,2,8,0.825995,0.831036,0.846053,0.859888,4000,150
5,10,2,9,0.827092,0.831036,0.831036,0.859888,4000,178
5,10,2,10,0.85948,0.859888,0.859888,0.859888,4000,52
5,10,2,11,0.828217,0.846053,0.859888,0.859888,4000,191
5,10,2,12,0.85948,0.859888,0.846053,0.859888,4000,52
5,10,2,13,0.842097,0.846053,0.859888,0.859888,4000,128
5,10,2,14,0.851227,0.859888,0.846053,0.859888,4000,69
5,10,2,15,0.845148,0.846053,0.859888,0.859888,4000,163
5,10,2,16,0.826966,0.846041,0.859888,0.859888,4000,200
5,10,2,17,0.843753,0.846053,0.831036,0.859888,4000,200
5,10,2,18,0.84605,0.859888,0.831036,0.859888,4000,59
5,10,2,19,0.849735,0.859888,0.846053,0.859888,4000,77
6,10,1,0,0.785908,0.786647,0.786647,0.786647,2000,28
6,10,1,1,0.786561,0.786647,0.786647,0.786647,2000,31
6,10,1,2,0.786631,0.786647,0.786647,0.786647,2000,31
6,10,1,3,0.785469,0.786647,0.786647,0.786647,2000,31
6,10,1,4,0.785851,0.786647,0.786647,0.786647,2000,40
6,10,1,5,0.786631,0.786647,0.786647,0.786647,2000,30
6,10,1,6,0.786631,0.786647,0.786647,0.786647,2000,31
6,10,1,7,0.786561,0.786647,0.786647,0.786647,2000,43
6,10,1,8,0.786631,0.786647,0.786647,0.786647,2000,31
6,10,1,9,0.786303,0.786647,0.786647,0.786647,2000,39
6,10,1,10,0.786303,0.786647,0.786647,0.786647,2000,39
6,10,1,11,0.786303,0.786647,0.786647,0.786647,2000,30
6,10,1,12,0.785851,0.786647,0.576923,0.786647,2000,30
6,10,1,13,0.786561,0.786647,0.786647,0.786647,2000,31
6,10,1,14,0.786624,0.786647,0.786647,0.786647,2000,35
6,10,1,15,0.786624,0.786647,0.786647,0.786647,2000,30
6,10,1,16,0.786561,0.786647,0.786647,0.786647,2000,31
6,10,1,17,0.786631,0.786647,0.786647,0.786647,2000,31
6,10,1,18,0.786631,0.786647,0.786647,0.786647,2000,30
6,10,1,19,0.786206,0.786647,0.786647,0.786647,2000,38
6,10,2,0,0.860952,0.862676,0.841737,0.868914,4000,180
6,10,2,1,0.860477,0.862676,0.862676,0.868914,4000,189
6,10,2,2,0.860502,0.862676,0.841737,0.868914,4000,192
6,10,2,3,0.868836,0.868914,0.868914,0.868914,4000,58
6,10,2,4,0.862539,0.862676,0.868914,0.868914,4000,112
6,10,2,5,0.851676,0.862676,0.841737,0.868914,4000,199
6,10,2,6,0.86871,0.868914,0.841737,0.868914,4000,70
6,10,2,7,0.862242,0.862676,0.868914,0.868914,4000,184
6,10,2,8,0.859575,0.862676,0.862676,0.868914,4000,151
6,10,2,9,0.837662,0.841737,0.841737,0.868914,4000,193
6,10,2,10,0.868842,0.868914,0.868914,0.868914,4000,48
6,10,2,11,0.845103,0.862676,0.868914,0.868914,4000,178
6,10,2,12,0.842893,0.862632,0.862676,0.868914,4000,200
6,10,2,13,0.86262,0.862676,0.841737,0.868914,4000,60
6,10,2,14,0.863054,0.868914,0.862676,0.868914,4000,67
6,10,2,15,0.862242,0.862676,0.862676,0.868914,4000,175
6,10,2,16,0.843805,0.862669,0.862676,0.868914,4000,200
6,10,2,17,0.843316,0.862676,0.841737,0.868914,4000,182
6,10,2,18,0.840883,0.862669,0.841737,0.868914,4000,200
6,10,2,19,0.864985,0.868914,0.862676,0.868914,4000,76
7,10,1,0,0.785908,0.786647,0.786647,0.786647,2000,34
7,10,1,1,0.786561,0.786647,0.786647,0.786647,2000,33
7,10,1,2,0.786631,0.786647,0.786647,0.786647,2000,34
7,10,1,3,0.785469,0.786647,0.786647,0.786647,2000,31
7,10,1,4,0.785851,0.786647,0.786647,0.786647,2000,35
7,10,1,5,0.786631,0.786647,0.786647,0.786647,2000,35
7,10,1,6,0.786631,0.786647,0.786647,0.786647,2000,34
7,10,1,7,0.786561,0.786647,0.786647,0.786647,2000,29
7,10,1,8,0.786631,0.786647,0.786647,0.786647,2000,34
7,10,1,9,0.786303,0.786647,0.786647,0.786647,2000,43
7,10,1,10,0.786303,0.786647,0.786647,0.786647,2000,43
7,10,1,11,0.786303,0.786647,0.786647,0.786647,2000,36
7,10,1,12,0.785851,0.786647,0.576923,0.786647,2000,34
7,10,1,13,0.786561,0.786647,0.786647,0.786647,2000,33
7,10,1,14,0.786624,0.786647,0.786647,0.786647,2000,36
7,10,1,15,0.786624,0.786647,0.786647,0.786647,2000,29
7,10,1,16,0.786561,0.786647,0.786647,0.786647,2000,33
7,10,1,17,0.786631,0.786647,0.786647,0.786647,2000,34
7,10,1,18,0.786631,0.786647,0.786647,0.786647,2000,35
7,10,1,19,0.786206,0.786647,0.786647,0.786647,2000,36
7,10,2,0,0.86658,0.86922,0.84624,0.884708,4000,158
7,10,2,1,0.8669,0.86922,0.86922,0.884708,4000,181
7,10,2,2,0.866875,0.86922,0.86922,0.884708,4000,200
7,10,2,3,0.884239,0.884708,0.846239,0.884708,4000,56
7,10,2,4,0.869044,0.86922,0.884708,0.884708,4000,143
7,10,2,5,0.867329,0.86922,0.84624,0.884708,4000,195
7,10,2,6,0.874462,0.884708,0.84624,0.884708,4000,73
7,10,2,7,0.868562,0.86922,0.884708,0.884708,4000,170
7,10,2,8,0.866407,0.86922,0.86922,0.884708,4000,146
7,10,2,9,0.842611,0.846239,0.84624,0.884708,4000,175
7,10,2,10,0.884651,0.884708,0.884708,0.884708,4000,56
7,10,2,11,0.849157,0.86922,0.884708,0.884708,4000,191
7,10,2,12,0.884692,0.884708,0.884708,0.884708,4000,50
7,10,2,13,0.868416,0.86922,0.884708,0.884708,4000,139
7,10,2,14,0.878355,0.884708,0.86922,0.884708,4000,54
7,10,2,15,0.868673,0.86922,0.86922,0.884708,4000,179
7,10,2,16,0.848641,0.86922,0.86922,0.884708,4000,200
7,10,2,17,0.87813,0.884708,0.84624,0.884708,4000,55
7,10,2,18,0.878204,0.884708,0.84624,0.884708,4000,64
7,10,2,19,0.877651,0.884708,0.86922,0.884708,4000,65
8,10,1,0,0.764711,0.764752,0.764752,0.764752,2000,35
8,10,1,1,0.76474,0.764752,0.764752,0.764752,2000,33
8,10,1,2,0.764711,0.764752,0.764752,0.764752,2000,30
8,10,1,3,0.764597,0.764752,0.764752,0.764752,2000,33
8,10,1,4,0.764711,0.764752,0.764752,0.764752,2000,35
8,10,1,5,0.76474,0.764752,0.764752,0.764752,2000,28
8,10,1,6,0.764035,0.764752,0.764752,0.764752,2000,38
8,10,1,7,0.764711,0.764752,0.764752,0.764752,2000,35
8,10,1,8,0.764282,0.764752,0.764752,0.764752,2000,33
8,10,1,9,0.76474,0.764752,0.764752,0.764752,2000,28
8,10,1,10,0.76474,0.764752,0.764752,0.764752,2000,28
8,10,1,11,0.76474,0.764752,0.764752,0.764752,2000,33
8,10,1,12,0.764597,0.764752,0.576923,0.764752,2000,37
8,10,1,13,0.764532,0.764752,0.764752,0.764752,2000,33
8,10,1,14,0.764429,0.764752,0.764752,0.764752,2000,32
8,10,1,15,0.764711,0.764752,0.764752,0.764752,2000,30
8,10,1,16,0.764597,0.764752,0.764752,0.764752,2000,33
8,10,1,17,0.764597,0.764752,0.764752,0.764752,2000,37
8,10,1,18,0.764367,0.764752,0.764752,0.764752,2000,29
8,10,1,19,0.761652,0.764752,0.764752,0.764752,2000,47
8,10,2,0,0.827736,0.836036,0.817538,0.836036,4000,75
8,10,2,1,0.835659,0.836036,0.827763,0.836036,4000,83
8,10,2,2,0.825341,0.827763,0.836036,0.836036,4000,168
8,10,2,3,0.834788,0.836036,0.817538,0.836036,4000,64
8,10,2,4,0.826496,0.827763,0.836036,0.836036,4000,180
8,10,2,5,0.835396,0.836036,0.836036,0.836036,4000,55
8,10,2,6,0.821469,0.836036,0.817538,0.836036,4000,85
8,10,2,7,0.826508,0.827763,0.827763,0.836036,4000,187
8,10,2,8,0.809553,0.817538,0.827763,0.836036,4000,177
8,10,2,9,0.815738,0.817538,0.817538,0.836036,4000,191
8,10,2,10,0.8354,0.836036,0.836036,0.836036,4000,54
8,10,2,11,0.813351,0.827763,0.827763,0.836036,4000,186
8,10,2,12,0.809049,0.827762,0.817538,0.836036,4000,200
8,10,2,13,0.826642,0.827763,0.836036,0.836036,4000,145
8,10,2,14,0.817392,0.817538,0.827763,0.836036,4000,165
8,10,2,15,0.81044,0.817538,0.827763,0.836036,4000,196
8,10,2,16,0.820744,0.836036,0.836036,0.836036,4000,77
8,10,2,17,0.825194,0.836036,0.817538,0.836036,4000,74
8,10,2,18,0.809548,0.827755,0.827763,0.836036,4000,200
8,10,2,19,0.828601,0.836036,0.827763,0.836036,4000,88
9,10,1,0,0.774954,0.775255,0.775255,0.775255,2000,40
9,10,1,1,0.775174,0.775255,0.775255,0.775255,2000,29
9,10,1,2,0.775111,0.775255,0.775255,0.775255,2000,32
9,10,1,3,0.775211,0.775255,0.775255,0.775255,2000,30
9,10,1,4,0.774966,0.775255,0.775255,0.775255,2000,34
9,10,1,5,0.775111,0.775255,0.775255,0.775255,2000,36
9,10,1,6,0.775065,0.775255,0.775255,0.775255,2000,33
9,10,1,7,0.775245,0.775255,0.775255,0.775255,2000,28
9,10,1,8,0.775065,0.775255,0.775255,0.775255,2000,33
9,10,1,9,0.775198,0.775255,0.775255,0.775255,2000,35
9,10,1,10,0.775198,0.775255,0.775255,0.775255,2000,35
9,10,1,11,0.775174,0.775255,0.775255,0.775255,2000,29
9,10,1,12,0.774954,0.775255,0.576923,0.775255,2000,40
9,10,1,13,0.775211,0.775255,0.775255,0.775255,2000,30
9,10,1,14,0.774966,0.775255,0.775255,0.775255,2000,34
9,10,1,15,0.775111,0.775255,0.775255,0.775255,2000,32
9,10,1,16,0.774954,0.775255,0.775255,0.775255,2000,40
9,10,1,17,0.775111,0.775255,0.775255,0.775255,2000,32
9,10,1,18,0.775245,0.775255,0.775255,0.775255,2000,30
9,10,1,19,0.773731,0.775255,0.775255,0.775255,2000,30
9,10,2,0,0.845977,0.851031,0.828702,0.851031,4000,74
9,10,2,1,0.837327,0.851031,0.83623,0.851031,4000,98
9,10,2,2,0.833586,0.83623,0.851031,0.851031,4000,200
9,10,2,3,0.850596,0.851031,0.828702,0.851031,4000,57
9,10,2,4,0.836029,0.83623,0.851031,0.851031,4000,147
9,10,2,5,0.850689,0.851031,0.828702,0.851031,4000,46
9,10,2,6,0.840742,0.851031,0.828702,0.851031,4000,90
9,10,2,7,0.83568,0.836231,0.83623,0.851031,4000,65
9,10,2,8,0.824095,0.828702,0.83623,0.851031,4000,200
9,10,2,9,0.825206,0.828702,0.828702,0.851031,4000,142
9,10,2,10,0.85063,0.851031,0.851031,0.851031,4000,57
9,10,2,11,0.82161,0.836231,0.851031,0.851031,4000,196
9,10,2,12,0.817721,0.836227,0.851031,0.851031,4000,200
9,10,2,13,0.83071,0.83623,0.851031,0.851031,4000,200
9,10,2,14,0.828565,0.828702,0.836231,0.851031,4000,56
9,10,2,15,0.830268,0.851031,0.851031,0.851031,4000,81
9,10,2,16,0.850594,0.851031,0.851031,0.851031,4000,77
9,10,2,17,0.824722,0.828702,0.828702,0.851031,4000,200
9,10,2,18,0.818614,0.836193,0.828702,0.851031,4000,200
9,10,2,19,0.842384,0.851031,0.83623,0.851031,4000,86
10,12,1,0,0.768239,0.76892,0.76892,0.76892,2000,39
10,12,1,1,0.76883,0.76892,0.76892,0.76892,2000,27
10,12,1,2,0.768874,0.76892,0.76892,0.76892,2000,34
10,12,1,3,0.767767,0.76892,0.76892,0.76892,2000,32
10,12,1,4,0.768045,0.76892,0.76892,0.76892,2000,36
10,12,1,5,0.768918,0.76892,0.76892,0.76892,2000,29
10,12,1,6,0.76883,0.76892,0.76892,0.76892,2000,31
10,12,1,7,0.76883,0.76892,0.76892,0.76892,2000,31
10,12,1,8,0.767767,0.76892,0.76892,0.76892,2000,31
10,12,1,9,0.768527,0.76892,0.76892,0.76892,2000,45
10,12,1,10,0.768527,0.76892,0.76892,0.76892,2000,45
10,12,1,11,0.768527,0.76892,0.76892,0.76892,2000,36
10,12,1,12,0.76883,0.76892,0.5625,0.76892,2000,27
10,12,1,13,0.76883,0.76892,0.76892,0.76892,2000,27
10,12,1,14,0.768918,0.76892,0.76892,0.76892,2000,29
10,12,1,15,0.768918,0.76892,0.76892,0.76892,2000,32
10,12,1,16,0.76883,0.76892,0.76892,0.76892,2000,27
10,12,1,17,0.768918,0.76892,0.76892,0.76892,2000,32
10,12,1,18,0.768874,0.76892,0.76892,0.76892,2000,31
10,12,1,19,0.768611,0.76892,0.76892,0.76892,2000,37
10,12,2,0,0.849953,0.852419,0.828426,0.867403,4000,146
10,12,2,1,0.850077,0.85242,0.85242,0.867403,4000,178
10,12,2,2,0.849955,0.85242,0.828425,0.867403,4000,162
10,12,2,3,0.866902,0.867403,0.828425,0.867403,4000,76
10,12,2,4,0.852196,0.85242,0.867403,0.867403,4000,129
10,12,2,5,0.850474,0.85242,0.828425,0.867403,4000,177
10,12,2,6,0.857358,0.867403,0.828426,0.867403,4000,52
10,12,2,7,0.85188,0.85242,0.867403,0.867403,4000,200
10,12,2,8,0.850022,0.85242,0.85242,0.867403,4000,167
10,12,2,9,0.824807,0.828426,0.828426,0.867403,4000,200
10,12,2,10,0.866583,0.867403,0.867403,0.867403,4000,57
10,12,2,11,0.831743,0.852419,0.867403,0.867403,4000,152
10,12,2,12,0.867342,0.867403,0.867403,0.867403,4000,50
10,12,2,13,0.851831,0.85242,0.867403,0.867403,4000,113
10,12,2,14,0.85204,0.85242,0.85242,0.867403,4000,130
10,12,2,15,0.851749,0.852419,0.85242,0.867403,4000,135
10,12,2,16,0.832168,0.852418,0.867403,0.867403,4000,200
10,12,2,17,0.861344,0.867403,0.828426,0.867403,4000,65
10,12,2,18,0.861419,0.867403,0.828425,0.867403,4000,70
10,12,2,19,0.860289,0.867403,0.85242,0.867403,4000,69
11,12,1,0,0.768239,0.76892,0.76892,0.76892,2000,41
11,12,1,1,0.76883,0.76892,0.76892,0.76892,2000,31
11,12,1,2,0.768874,0.76892,0.76892,0.76892,2000,34
11,12,1,3,0.767767,0.76892,0.76892,0.76892,2000,32
11,12,1,4,0.768045,0.76892,0.76892,0.76892,2000,32
11,12,1,5,0.768918,0.76892,0.76892,0.76892,2000,26
11,12,1,6,0.76883,0.76892,0.76892,0.76892,2000,37
11,12,1,7,0.76883,0.76892,0.76892,0.76892,2000,37
11,12,1,8,0.767767,0.76892,0.76892,0.76892,2000,31
11,12,1,9,0.768527,0.76892,0.76892,0.76892,2000,42
11,12,1,10,0.768527,0.76892,0.76892,0.76892,2000,42
11,12,1,11,0.768527,0.76892,0.76892,0.76892,2000,44
11,12,1,12,0.76883,0.76892,0.5625,0.76892,2000,31
11,12,1,13,0.76883,0.76892,0.76892,0.76892,2000,31
11,12,1,14,0.768918,0.76892,0.76892,0.76892,2000,26
11,12,1,15,0.768918,0.76892,0.76892,0.76892,2000,26
11,12,1,16,0.76883,0.76892,0.76892,0.76892,2000,31
11,12,1,17,0.768918,0.76892,0.76892,0.76892,2000,26
11,12,1,18,0.768874,0.76892,0.76892,0.76892,2000,29
11,12,1,19,0.768611,0.76892,0.76892,0.76892,2000,28
11,12,2,0,0.828592,0.837899,0.821511,0.847589,4000,200
11,12,2,1,0.835811,0.837901,0.837901,0.847589,4000,177
11,12,2,2,0.834555,0.837901,0.847589,0.847589,4000,191
11,12,2,3,0.847347,0.847589,0.821511,0.847589,4000,58
11,12,2,4,0.837741,0.837901,0.847589,0.847589,4000,124
11,12,2,5,0.82625,0.8379,0.821511,0.847589,4000,200
11,12,2,6,0.847526,0.847589,0.821511,0.847589,4000,53
11,12,2,7,0.837522,0.837901,0.837901,0.847589,4000,179
11,12,2,8,0.812924,0.821511,0.837901,0.847589,4000,194
11,12,2,9,0.817713,0.821511,0.821511,0.847589,4000,200
11,12,2,10,0.847347,0.847589,0.847589,0.847589,4000,58
11,12,2,11,0.823171,0.837901,0.847589,0.847589,4000,200
11,12,2,12,0.818094,0.837897,0.837901,0.847589,4000,200
11,12,2,13,0.836042,0.837901,0.821511,0.847589,4000,200
11,12,2,14,0.841969,0.847589,0.837901,0.847589,4000,83
11,12,2,15,0.829366,0.837901,0.837901,0.847589,4000,199
11,12,2,16,0.820866,0.837899,0.837901,0.847589,4000,200
11,12,2,17,0.81427,0.8379,0.821511,0.847589,4000,200
11,12,2,18,0.820954,0.837898,0.821511,0.847589,4000,200
11,12,2,19,0.8432,0.847589,0.837901,0.847589,4000,73
12,12,1,0,0.750517,0.750649,0.750649,0.750649,2000,35
12,12,1,1,0.750642,0.750649,0.750649,0.750649,2000,33
12,12,1,2,0.750517,0.750649,0.750649,0.750649,2000,32
12,12,1,3,0.750592,0.750649,0.750649,0.750649,2000,37
12,12,1,4,0.750517,0.750649,0.750649,0.750649,2000,35
12,12,1,5,0.750371,0.750649,0.750649,0.750649,2000,37
12,12,1,6,0.750371,0.750649,0.750649,0.750649,2000,34
12,12,1,7,0.750592,0.750649,0.750649,0.750649,2000,32
12,12,1,8,0.750371,0.750649,0.750649,0.750649,2000,34
12,12,1,9,0.750642,0.750649,0.750649,0.750649,2000,28
12,12,1,10,0.750642,0.750649,0.750649,0.750649,2000,28
12,12,1,11,0.750642,0.750649,0.750649,0.750649,2000,33
12,12,1,12,0.750517,0.750649,0.5625,0.750649,2000,32
12,12,1,13,0.750592,0.750649,0.750649,0.750649,2000,37
12,12,1,14,0.749956,0.750649,0.750649,0.750649,2000,34
12,12,1,15,0.749762,0.750649,0.750649,0.750649,2000,40
12,12,1,16,0.750517,0.750649,0.750649,0.750649,2000,32
12,12,1,17,0.750371,0.750649,0.750649,0.750649,2000,37
12,12,1,18,0.750517,0.750649,0.750649,0.750649,2000,32
12,12,1,19,0.748416,0.750649,0.750649,0.750649,2000,32
12,12,2,0,0.781047,0.813807,0.801561,0.820729,4000,200
12,12,2,1,0.795781,0.801561,0.813809,0.820729,4000,173
12,12,2,2,0.811147,0.813809,0.820729,0.820729,4000,177
12,12,2,3,0.820017,0.820729,0.801561,0.820729,4000,82
12,12,2,4,0.812701,0.813809,0.820729,0.820729,4000,160
12,12,2,5,0.820489,0.820729,0.801561,0.820729,4000,60
12,12,2,6,0.815989,0.820729,0.801561,0.820729,4000,75
12,12,2,7,0.813003,0.813809,0.813809,0.820729,4000,108
12,12,2,8,0.794175,0.801561,0.813809,0.820729,4000,151
12,12,2,9,0.794876,0.801561,0.820729,0.820729,4000,164
12,12,2,10,0.820471,0.820729,0.820729,0.820729,4000,58
12,12,2,11,0.796817,0.813809,0.820729,0.820729,4000,198
12,12,2,12,0.794236,0.813808,0.820729,0.820729,4000,200
12,12,2,13,0.8127,0.813809,0.820729,0.820729,4000,137
12,12,2,14,0.80155,0.801561,0.813809,0.820729,4000,49
12,12,2,15,0.795542,0.801561,0.813809,0.820729,4000,152
12,12,2,16,0.820699,0.820729,0.820729,0.820729,4000,54
12,12,2,17,0.814282,0.820729,0.801561,0.820729,4000,61
12,12,2,18,0.795474,0.813807,0.813808,0.820729,4000,200
12,12,2,19,0.813945,0.820729,0.813809,0.820729,4000,86
13,12,1,0,0.768239,0.76892,0.76892,0.76892,2000,35
13,12,1,1,0.76883,0.76892,0.76892,0.76892,2000,32
13,12,1,2,0.768874,0.76892,0.76892,0.76892,2000,32
13,12,1,3,0.767767,0.76892,0.76892,0.76892,2000,37
13,12,1,4,0.768045,0.76892,0.76892,0.76892,2000,32
13,12,1,5,0.768918,0.76892,0.76892,0.76892,2000,27
13,12,1,6,0.76883,0.76892,0.76892,0.76892,2000,30
13,12,1,7,0.76883,0.76892,0.76892,0.76892,2000,30
13,12,1,8,0.767767,0.76892,0.76892,0.76892,2000,31
13,12,1,9,0.768527,0.76892,0.76892,0.76892,2000,28
13,12,1,10,0.768527,0.76892,0.76892,0.76892,2000,28
13,12,1,11,0.768527,0.76892,0.76892,0.76892,2000,35
13,12,1,12,0.76883,0.76892,0.5625,0.76892,2000,32
13,12,1,13,0.76883,0.76892,0.76892,0.76892,2000,32
13,12,1,14,0.768918,0.76892,0.76892,0.76892,2000,27
13,12,1,15,0.768918,0.76892,0.76892,0.76892,2000,29
13,12,1,16,0.76883,0.76892,0.76892,0.76892,2000,32
13,12,1,17,0.768918,0.76892,0.76892,0.76892,2000,29
13,12,1,18,0.768874,0.76892,0.76892,0.76892,2000,31
13,12,1,19,0.768611,0.76892,0.76892,0.76892,2000,29
13,12,2,0,0.824594,0.833683,0.819651,0.842064,4000,200
13,12,2,1,0.833216,0.842064,0.833684,0.842064,4000,76
13,12,2,2,0.830486,0.833684,0.842064,0.842064,4000,200
13,12,2,3,0.84181,0.842064,0.819651,0.842064,4000,56
13,12,2,4,0.833498,0.833684,0.842064,0.842064,4000,138
13,12,2,5,0.830675,0.833684,0.819651,0.842064,4000,183
13,12,2,6,0.841942,0.842064,0.819651,0.842064,4000,68
13,12,2,7,0.83333,0.833684,0.842064,0.842064,4000,133
13,12,2,8,0.811889,0.819651,0.833684,0.842064,4000,200
13,12,2,9,0.815676,0.819651,0.819651,0.842064,4000,200
13,12,2,10,0.841826,0.842064,0.842064,0.842064,4000,64
13,12,2,11,0.818809,0.833684,0.842064,0.842064,4000,200
13,12,2,12,0.814783,0.83368,0.819651,0.842064,4000,200
13,12,2,13,0.831962,0.833684,0.819651,0.842064,4000,178
13,12,2,14,0.836429,0.842064,0.833684,0.842064,4000,83
13,12,2,15,0.831093,0.842064,0.842064,0.842064,4000,74
13,12,2,16,0.817213,0.833652,0.842064,0.842064,4000,200
13,12,2,17,0.810865,0.833662,0.819651,0.842064,4000,200
13,12,2,18,0.817192,0.833634,0.819651,0.842064,4000,200
13,12,2,19,0.836454,0.842064,0.833684,0.842064,4000,63
14,12,1,0,0.750517,0.750649,0.750649,0.750649,2000,32
14,12,1,1,0.750642,0.750649,0.750649,0.750649,2000,34
14,12,1,2,0.750517,0.750649,0.750649,0.750649,2000,35
14,12,1,3,0.750592,0.750649,0.750649,0.750649,2000,32
14,12,1,4,0.750517,0.750649,0.750649,0.750649,2000,32
14,12,1,5,0.750371,0.750649,0.750649,0.750649,2000,37
14,12,1,6,0.750371,0.750649,0.750649,0.750649,2000,34
14,12,1,7,0.750592,0.750649,0.750649,0.750649,2000,39
14,12,1,8,0.750371,0.750649,0.750649,0.750649,2000,34
14,12,1,9,0.750642,0.750649,0.750649,0.750649,2000,28
14,12,1,10,0.750642,0.750649,0.750649,0.750649,2000,28
14,12,1,11,0.750642,0.750649,0.750649,0.750649,2000,34
14,12,1,12,0.750517,0.750649,0.5625,0.750649,2000,35
14,12,1,13,0.750592,0.750649,0.750649,0.750649,2000,32
14,12,1,14,0.749956,0.750649,0.750649,0.750649,2000,35
14,12,1,15,0.749762,0.750649,0.750649,0.750649,2000,31
14,12,1,16,0.750517,0.750649,0.750649,0.750649,2000,35
14,12,1,17,0.750371,0.750649,0.750649,0.750649,2000,37
14,12,1,18,0.750517,0.750649,0.750649,0.750649,2000,35
14,12,1,19,0.748416,0.750649,0.750649,0.750649,2000,44
14,12,2,0,0.823364,0.825481,0.802173,0.825481,4000,65
14,12,2,1,0.817921,0.819989,0.819989,0.825481,4000,185
14,12,2,2,0.811066,0.819989,0.825481,0.825481,4000,197
14,12,2,3,0.82505,0.825481,0.802173,0.825481,4000,56
14,12,2,4,0.818909,0.819989,0.825481,0.825481,4000,144
14,12,2,5,0.818982,0.819989,0.802173,0.825481,4000,172
14,12,2,6,0.821976,0.825481,0.802173,0.825481,4000,55
14,12,2,7,0.819263,0.819989,0.819989,0.825481,4000,135
14,12,2,8,0.794151,0.802173,0.819989,0.825481,4000,194
14,12,2,9,0.795857,0.802173,0.802173,0.825481,4000,200
14,12,2,10,0.825235,0.825481,0.825481,0.825481,4000,60
14,12,2,11,0.802476,0.819989,0.825481,0.825481,4000,175
14,12,2,12,0.798282,0.819988,0.819989,0.825481,4000,200
14,12,2,13,0.819863,0.819989,0.825481,0.825481,4000,114
14,12,2,14,0.801897,0.802173,0.819989,0.825481,4000,81
14,12,2,15,0.796807,0.802173,0.819989,0.825481,4000,139
14,12,2,16,0.795311,0.802173,0.825481,0.825481,4000,200
14,12,2,17,0.819074,0.825481,0.802173,0.825481,4000,61
14,12,2,18,0.814544,0.825481,0.819989,0.825481,4000,75
14,12,2,19,0.81984,0.825481,0.819989,0.825481,4000,68
